[
  {
    "id": "85517f12-a140-4f8b-9e4a-242bb573d49e",
    "data": [
      {
        "text": "clases de ",
        "userDefined": false
      },
      {
        "text": "biología",
        "meta": "@clases",
        "alias": "clases",
        "userDefined": true
      }
    ],
    "isTemplate": false,
    "count": 0,
    "lang": "es",
    "updated": 0
  },
  {
    "id": "b2ba46b9-fa0a-449c-ae1d-2ca0cc56f9ff",
    "data": [
      {
        "text": "quiero ver mis clases",
        "userDefined": false
      }
    ],
    "isTemplate": false,
    "count": 0,
    "lang": "es",
    "updated": 0
  }
]