[
  {
    "id": "1a6a2f5f-f63e-4943-8e51-54e8f04b20ee",
    "data": [
      {
        "text": "hola soy ",
        "userDefined": false
      },
      {
        "text": "leo",
        "meta": "@sys.given-name",
        "alias": "usuario",
        "userDefined": false
      }
    ],
    "isTemplate": false,
    "count": 0,
    "lang": "es",
    "updated": 0
  },
  {
    "id": "55f84464-c136-439d-8214-91e64187f925",
    "data": [
      {
        "text": "hola",
        "userDefined": false
      }
    ],
    "isTemplate": false,
    "count": 0,
    "lang": "es",
    "updated": 0
  },
  {
    "id": "0d8b975c-2094-4423-a6b2-b693c58cfb78",
    "data": [
      {
        "text": "hey",
        "userDefined": false
      }
    ],
    "isTemplate": false,
    "count": 0,
    "lang": "es",
    "updated": 0
  },
  {
    "id": "ca6de993-87bd-43c7-be6f-77d25ccdc710",
    "data": [
      {
        "text": "saludos",
        "userDefined": false
      }
    ],
    "isTemplate": false,
    "count": 0,
    "lang": "es",
    "updated": 0
  },
  {
    "id": "5f75a9a6-10d0-4edb-a73e-dbe5999c7459",
    "data": [
      {
        "text": "hey ho",
        "userDefined": false
      }
    ],
    "isTemplate": false,
    "count": 0,
    "lang": "es",
    "updated": 0
  },
  {
    "id": "6e2fd770-85e3-4cc6-ace7-afc4153fa621",
    "data": [
      {
        "text": "chao",
        "userDefined": false
      }
    ],
    "isTemplate": false,
    "count": 0,
    "lang": "es",
    "updated": 0
  }
]