[
  {
    "id": "99d1237c-fdb8-4ad6-aa4e-036b292eea82",
    "data": [
      {
        "text": "fullfilment",
        "userDefined": false
      }
    ],
    "isTemplate": false,
    "count": 0,
    "lang": "es",
    "updated": 0
  },
  {
    "id": "d39d00c1-b91d-4b48-8668-7c063a7c3c87",
    "data": [
      {
        "text": "intents",
        "userDefined": false
      }
    ],
    "isTemplate": false,
    "count": 0,
    "lang": "es",
    "updated": 0
  },
  {
    "id": "5a7f6697-a89a-4449-9ac7-46e4a50dfb15",
    "data": [
      {
        "text": "webhook",
        "userDefined": false
      }
    ],
    "isTemplate": false,
    "count": 0,
    "lang": "es",
    "updated": 0
  }
]